     Date/Time     ,   Chan 0,   Chan 1,   Chan 2,   Chan 3,   Chan 4,   Chan 5,   Chan 6,   Chan 7
0.0007566679996671155,     2.99909,     2.00446,     0.43653,     0.48276,    -0.10687,    -0.18362,    -0.19656,    -0.20242
0.020766558998730034,     2.99878,     2.19216,     0.71793,     0.68495,    -0.17992,    -0.22831,    -0.23817,    -0.23941
0.040770357998553663,     2.99971,     2.37710,     0.76725,     0.71393,    -0.19780,    -0.23941,    -0.25482,    -0.25173
0.060770545998821035,     3.00063,     2.55525,     0.77496,     0.71578,    -0.20427,    -0.24125,    -0.25944,    -0.25512
0.0804434069978015,     2.99478,     2.72385,     0.78297,     0.72533,    -0.20735,    -0.24002,    -0.25913,    -0.25173
0.10033155999917653,     2.99786,     2.88104,     0.77557,     0.71454,    -0.20273,    -0.23355,    -0.25697,    -0.25081
0.12032969299980323,     3.00125,     3.02498,     0.77218,     0.71331,    -0.20673,    -0.23324,    -0.25759,    -0.25358
0.14033401000051526,     3.00217,     3.15351,     0.77157,     0.71115,    -0.20828,    -0.23293,    -0.25975,    -0.25420
0.16033473499919637,     2.99940,     3.26355,     0.77280,     0.71208,    -0.20458,    -0.22923,    -0.25728,    -0.25173
0.18033349599863868,     2.99570,     3.35386,     0.77187,     0.71300,    -0.20889,    -0.23047,    -0.25975,    -0.25389
0.2003409989993088,     2.99817,     3.42228,     0.76694,     0.70684,    -0.20766,    -0.22954,    -0.26129,    -0.25574
0.22035803799735731,     2.99046,     3.46944,     0.77742,     0.71917,    -0.21136,    -0.23078,    -0.26098,    -0.25482
0.24040690999754588,     2.99632,     3.49194,     0.77218,     0.71177,    -0.21136,    -0.23047,    -0.26191,    -0.25512
0.26035339499867405,     3.00310,     3.49225,     0.77341,     0.71547,    -0.21043,    -0.23016,    -0.26191,    -0.25543
0.28034773099716404,     2.99940,     3.46821,     0.77341,     0.71454,    -0.20951,    -0.23047,    -0.26191,    -0.25420
0.300350047997199,     3.00310,     3.42197,     0.77403,     0.71454,    -0.21012,    -0.23108,    -0.26067,    -0.25420
0.3203534209969803,     3.00279,     3.35108,     0.77372,     0.71547,    -0.21074,    -0.23201,    -0.26221,    -0.25482
0.3403559420003148,     3.00094,     3.25985,     0.77341,     0.71208,    -0.21043,    -0.23324,    -0.26036,    -0.25482
0.3603557959977479,     2.99971,     3.14920,     0.77249,     0.71393,    -0.21012,    -0.23509,    -0.26036,    -0.25420
0.38035966899769846,     2.99817,     3.02098,     0.77311,     0.71424,    -0.21012,    -0.23694,    -0.26067,    -0.25574
0.40035668999917107,     2.99570,     2.87457,     0.76817,     0.70746,    -0.20828,    -0.23971,    -0.26191,    -0.25636
0.4203877289983211,     2.99478,     2.71676,     0.77711,     0.71948,    -0.21167,    -0.24218,    -0.26221,    -0.25605
0.44038273099795333,     2.99108,     2.54600,     0.77157,     0.71362,    -0.21074,    -0.24526,    -0.26129,    -0.25482
0.4603805669976282,     2.99724,     2.36662,     0.77311,     0.71177,    -0.21043,    -0.24804,    -0.26129,    -0.25605
0.4803731629981485,     2.99724,     2.18292,     0.77280,     0.71454,    -0.21043,    -0.25143,    -0.26006,    -0.25605
0.5003702389985847,     3.00217,     1.99490,     0.77249,     0.71331,    -0.20982,    -0.25328,    -0.26098,    -0.25451
0.5203727049993176,     3.00279,     1.80689,     0.77280,     0.71393,    -0.20920,    -0.25574,    -0.26067,    -0.25512
0.5403711699982523,     2.99878,     1.62288,     0.77311,     0.71331,    -0.20889,    -0.25790,    -0.26036,    -0.25482
0.5603726539993659,     2.99786,     1.44318,     0.77341,     0.71424,    -0.20889,    -0.26006,    -0.26098,    -0.25482
0.5803758969996125,     2.99632,     1.27428,     0.77311,     0.71269,    -0.20828,    -0.26221,    -0.26129,    -0.25451
0.6003752699980396,     2.99416,     1.11554,     0.76694,     0.70653,    -0.20581,    -0.26437,    -0.26221,    -0.25697
0.6204566969972802,     2.99663,     0.97037,     0.77742,     0.71948,    -0.20858,    -0.26653,    -0.26036,    -0.25420
0.6404115339973941,     2.99878,     0.84246,     0.77557,     0.71424,    -0.20797,    -0.26838,    -0.26036,    -0.25420
0.6603955919999862,     2.99909,     0.73211,     0.77434,     0.71424,    -0.20766,    -0.26900,    -0.26036,    -0.25358
0.6803906319983071,     2.99878,     0.64180,     0.77403,     0.71516,    -0.20643,    -0.26992,    -0.26006,    -0.25297
0.7003899679984897,     2.99786,     0.57307,     0.77311,     0.71516,    -0.20612,    -0.27023,    -0.25913,    -0.25204
0.7203947109992441,     2.99971,     0.52745,     0.77403,     0.71485,    -0.20673,    -0.27177,    -0.25852,    -0.25297
0.7403940839976713,     3.00156,     0.50434,     0.77465,     0.71485,    -0.20735,    -0.27115,    -0.25759,    -0.25328
0.7603960119995463,     2.99693,     0.50434,     0.77311,     0.71362,    -0.20519,    -0.27084,    -0.25882,    -0.25297
0.7803988289997505,     2.99385,     0.52869,     0.77280,     0.71331,    -0.20519,    -0.26961,    -0.25882,    -0.25173
0.8003976839972893,     2.98954,     0.57584,     0.76694,     0.70530,    -0.20365,    -0.26930,    -0.26067,    -0.25636
0.8204357590002473,     2.99200,     0.64519,     0.77711,     0.71855,    -0.20581,    -0.26930,    -0.25852,    -0.25358
0.8404250209969177,     2.98954,     0.73674,     0.77280,     0.71331,    -0.20643,    -0.26653,    -0.25790,    -0.25358
0.8604169869977341,     3.00217,     0.84708,     0.77064,     0.71485,    -0.20581,    -0.26468,    -0.25759,    -0.25328
0.8804173229982553,     2.99971,     0.97777,     0.77372,     0.71516,    -0.20550,    -0.26376,    -0.25882,    -0.25235
0.9004123249978875,     2.99786,     1.12140,     0.77434,     0.71547,    -0.20643,    -0.26098,    -0.25821,    -0.25266
0.9204130319994874,     2.99755,     1.27982,     0.77372,     0.71454,    -0.20643,    -0.25852,    -0.25759,    -0.25297
0.9404126819972589,     3.00002,     1.45089,     0.77341,     0.71454,    -0.20643,    -0.25697,    -0.25944,    -0.25204
0.960417795999092,     3.00156,     1.62935,     0.77403,     0.71362,    -0.20643,    -0.25420,    -0.25790,    -0.25266
0.9804199649988732,     2.99848,     1.81428,     0.77403,     0.71424,    -0.20612,    -0.25143,    -0.25790,    -0.25358
1.0004180229989288,     2.99077,     2.00230,     0.76725,     0.70653,    -0.20550,    -0.24834,    -0.25975,    -0.25636
1.020452746997762,     2.99724,     2.19001,     0.77681,     0.71824,    -0.20828,    -0.24680,    -0.26129,    -0.25389
1.0405028219975065,     2.99077,     2.37525,     0.77434,     0.71547,    -0.20858,    -0.24372,    -0.26098,    -0.25420
1.0604372149973642,     2.99416,     2.55248,     0.77403,     0.71269,    -0.20858,    -0.24095,    -0.26098,    -0.25389
1.0804318099981174,     2.99817,     2.72292,     0.77311,     0.71485,    -0.20951,    -0.23971,    -0.26006,    -0.25451
1.1004309059972002,     2.99663,     2.88104,     0.77341,     0.71454,    -0.20889,    -0.23694,    -0.26036,    -0.25482
1.1204346669983352,     3.00094,     3.02591,     0.77280,     0.71300,    -0.20951,    -0.23540,    -0.26191,    -0.25543
1.1404338180000195,     2.99786,     3.15351,     0.77311,     0.71239,    -0.20920,    -0.23386,    -0.26345,    -0.25667
1.160435690999293,     2.99632,     3.26416,     0.77249,     0.71331,    -0.20982,    -0.23293,    -0.26160,    -0.25605
1.1804403779970016,     2.99817,     3.35571,     0.77403,     0.71424,    -0.21074,    -0.23170,    -0.26191,    -0.25482
1.2004396589982207,     2.99231,     3.42352,     0.76663,     0.70838,    -0.20920,    -0.23170,    -0.26283,    -0.25913
1.2204706049997185,     2.99354,     3.46944,     0.78020,     0.72040,    -0.21259,    -0.23201,    -0.26314,    -0.25605
1.2405470129997411,     2.99200,     3.49256,     0.77157,     0.71269,    -0.21136,    -0.23016,    -0.26191,    -0.25543
1.260461554997164,     3.00248,     3.49225,     0.77465,     0.71393,    -0.21043,    -0.23047,    -0.26129,    -0.25574
1.280460926998785,     3.00187,     3.46821,     0.77434,     0.71454,    -0.21136,    -0.23139,    -0.26345,    -0.25667
1.300452707997465,     3.00002,     3.42012,     0.77372,     0.71424,    -0.21197,    -0.23201,    -0.26252,    -0.25574
1.3204586729989387,     3.00156,     3.35047,     0.77465,     0.71454,    -0.21136,    -0.23324,    -0.26252,    -0.25605
1.340458212998783,     3.00217,     3.25923,     0.77372,     0.71516,    -0.21074,    -0.23417,    -0.26129,    -0.25543
1.3604588449998118,     2.99971,     3.14889,     0.77311,     0.71485,    -0.21105,    -0.23602,    -0.26376,    -0.25543
1.38045853299991,     3.00002,     3.02005,     0.77496,     0.71454,    -0.21197,    -0.23848,    -0.26191,    -0.25697
1.4004600719999871,     2.99447,     2.87488,     0.76817,     0.70684,    -0.21043,    -0.24033,    -0.26468,    -0.25975
1.4204897959971277,     2.99663,     2.71522,     0.77958,     0.72009,    -0.21197,    -0.24341,    -0.26252,    -0.25667
1.440484631999425,     2.99354,     2.54446,     0.77465,     0.71485,    -0.21167,    -0.24557,    -0.26160,    -0.25697
1.4604845789981482,     3.00372,     2.36539,     0.77341,     0.71331,    -0.21043,    -0.24742,    -0.26160,    -0.25636
1.4804759340004239,     3.00125,     2.18138,     0.77465,     0.71609,    -0.21043,    -0.25050,    -0.26129,    -0.25512
1.5004725289982161,     3.00217,     1.99367,     0.77341,     0.71454,    -0.21074,    -0.25358,    -0.26129,    -0.25543
1.520474438999372,     3.00033,     1.80627,     0.77465,     0.71424,    -0.21074,    -0.25667,    -0.26160,    -0.25574
1.5404715519980527,     3.00033,     1.62103,     0.77434,     0.71393,    -0.21074,    -0.25882,    -0.26283,    -0.25697
1.5604738699985319,     3.00033,     1.44318,     0.77341,     0.71485,    -0.20951,    -0.26098,    -0.26191,    -0.25512
1.580478593998123,     2.99478,     1.27212,     0.77496,     0.71485,    -0.20889,    -0.26283,    -0.26036,    -0.25482
1.6004748749983264,     2.99416,     1.11431,     0.76725,     0.70869,    -0.20735,    -0.26468,    -0.26283,    -0.25852
1.620519208998303,     2.98923,     0.96944,     0.77742,     0.71824,    -0.20858,    -0.26745,    -0.26191,    -0.25574
1.6405373409979802,     2.99878,     0.84122,     0.77773,     0.71609,    -0.20797,    -0.26900,    -0.26160,    -0.25543
1.6604938819982635,     2.99447,     0.73119,     0.77372,     0.71639,    -0.20766,    -0.26961,    -0.26098,    -0.25574
1.680493457999546,     2.99848,     0.64119,     0.77372,     0.71609,    -0.20673,    -0.27084,    -0.26006,    -0.25358
1.7004878869993263,     2.99940,     0.57399,     0.77557,     0.71424,    -0.20643,    -0.27084,    -0.25882,    -0.25358
1.7204935929985368,     2.99786,     0.52714,     0.77341,     0.71454,    -0.20673,    -0.27115,    -0.25852,    -0.25451
1.7404956319987832,     2.99354,     0.50464,     0.77311,     0.71393,    -0.20581,    -0.27208,    -0.25975,    -0.25420
1.7604962269979296,     2.99786,     0.50434,     0.77341,     0.71331,    -0.20581,    -0.27115,    -0.25975,    -0.25451
1.7804972849990008,     2.99909,     0.52899,     0.77280,     0.71485,    -0.20581,    -0.27084,    -0.25944,    -0.25358
1.8004946399996697,     2.99724,     0.57646,     0.76756,     0.70900,    -0.20488,    -0.26992,    -0.26067,    -0.25697
1.8205286789998354,     2.98923,     0.64581,     0.77989,     0.72009,    -0.20673,    -0.26900,    -0.25975,    -0.25543
1.8405334589988342,     2.98954,     0.73674,     0.77403,     0.71362,    -0.20612,    -0.26807,    -0.25944,    -0.25389
1.860517961998994,     3.00033,     0.84770,     0.77403,     0.71300,    -0.20550,    -0.26560,    -0.25882,    -0.25389
1.8805143529971247,     3.00094,     0.97623,     0.77372,     0.71454,    -0.20581,    -0.26406,    -0.26006,    -0.25420
1.9005093369996757,     3.00248,     1.12140,     0.77557,     0.71454,    -0.20581,    -0.26129,    -0.25944,    -0.25420
1.9205124879990763,     2.99971,     1.28106,     0.77341,     0.71331,    -0.20704,    -0.25944,    -0.26006,    -0.25482
1.9405120459996397,     2.99478,     1.45181,     0.77372,     0.71424,    -0.20673,    -0.25697,    -0.26067,    -0.25543
1.9605159559978347,     2.99878,     1.63089,     0.77280,     0.71269,    -0.20735,    -0.25328,    -0.26006,    -0.25482
1.9805188289974467,     2.99786,     1.81490,     0.77341,     0.71485,    -0.20766,    -0.25173,    -0.26098,    -0.25358
2.000518534998264,     2.99108,     2.00230,     0.76756,     0.70776,    -0.20612,    -0.25019,    -0.26314,    -0.25759
2.0205956469981174,     2.99385,     2.19124,     0.77804,     0.71886,    -0.20828,    -0.24711,    -0.26067,    -0.25697
2.0406134449985984,     2.98830,     2.37648,     0.77311,     0.71424,    -0.20889,    -0.24434,    -0.26129,    -0.25667
2.060541208000359,     2.99755,     2.55463,     0.77526,     0.71362,    -0.20889,    -0.24156,    -0.26191,    -0.25636
2.0805334329998004,     2.99724,     2.72416,     0.77311,     0.71424,    -0.20920,    -0.23941,    -0.26129,    -0.25728
2.100535305999074,     2.99878,     2.88258,     0.77126,     0.71393,    -0.20951,    -0.23725,    -0.26129,    -0.25667
2.120534919999045,     3.00217,     3.02714,     0.77249,     0.71300,    -0.20951,    -0.23632,    -0.26252,    -0.25728
2.1405366259969014,     2.99909,     3.15505,     0.77526,     0.71177,    -0.21074,    -0.23355,    -0.26314,    -0.25697
2.1605383319983957,     2.99663,     3.26478,     0.77403,     0.71362,    -0.21074,    -0.23324,    -0.26345,    -0.25697
2.1805406309977116,     2.99848,     3.35447,     0.77403,     0.71454,    -0.21167,    -0.23201,    -0.26252,    -0.25882
2.200544281000475,     2.99262,     3.42290,     0.76787,     0.70653,    -0.21105,    -0.23139,    -0.26468,    -0.26067
2.2205668019996665,     2.99354,     3.46882,     0.77958,     0.72071,    -0.21290,    -0.23232,    -0.26406,    -0.25852
2.2405791749988566,     2.99262,     3.49317,     0.77064,     0.71269,    -0.21197,    -0.23139,    -0.26406,    -0.25913
2.2605615289976413,     3.00033,     3.49071,     0.77465,     0.71609,    -0.21167,    -0.23139,    -0.26406,    -0.25821
2.2805620129984163,     3.00033,     3.46821,     0.77434,     0.71454,    -0.21136,    -0.23201,    -0.26437,    -0.25852
2.300553700999444,     2.99601,     3.42074,     0.77218,     0.71578,    -0.21259,    -0.23324,    -0.26376,    -0.25882
2.3205523699980404,     2.99724,     3.35016,     0.77465,     0.71393,    -0.21197,    -0.23386,    -0.26468,    -0.25913
2.340558335999958,     3.00187,     3.26047,     0.77496,     0.71424,    -0.21259,    -0.23571,    -0.26345,    -0.25852
2.3605608379984915,     2.99632,     3.14796,     0.77372,     0.71454,    -0.21290,    -0.23786,    -0.26468,    -0.25975
2.380561525998928,     2.99971,     3.01882,     0.77434,     0.71331,    -0.21259,    -0.23971,    -0.26530,    -0.25944
2.4005631019972498,     2.99200,     2.87365,     0.76694,     0.70746,    -0.21228,    -0.24310,    -0.26591,    -0.26129
2.420604844999616,     2.98707,     2.71429,     0.77557,     0.71917,    -0.21290,    -0.24557,    -0.26530,    -0.25944
2.4406855489978625,     2.99231,     2.54323,     0.77311,     0.71331,    -0.21228,    -0.24711,    -0.26468,    -0.25882
2.4605773499970383,     2.99385,     2.36569,     0.77311,     0.71269,    -0.21197,    -0.24958,    -0.26376,    -0.25975
2.480578296999738,     3.00187,     2.17953,     0.77218,     0.71454,    -0.21167,    -0.25235,    -0.26468,    -0.25790
2.5005777810001746,     2.99878,     1.99274,     0.77311,     0.71454,    -0.21074,    -0.25420,    -0.26345,    -0.25821
2.5205785799989826,     2.99632,     1.80473,     0.77434,     0.71547,    -0.21074,    -0.25667,    -0.26406,    -0.25882
2.5405841749998217,     3.00556,     1.61979,     0.77434,     0.71547,    -0.21136,    -0.25944,    -0.26252,    -0.25759
2.5605823259975296,     2.99786,     1.44133,     0.77496,     0.71362,    -0.20982,    -0.26160,    -0.26252,    -0.25728
2.5805802729992138,     2.98985,     1.27181,     0.77249,     0.71454,    -0.20951,    -0.26406,    -0.26283,    -0.25728
2.60060836699995,     2.99478,     1.11277,     0.76663,     0.70530,    -0.20920,    -0.26684,    -0.26437,    -0.26006
2.620623053997406,     2.98707,     0.96914,     0.77927,     0.72133,    -0.20920,    -0.26776,    -0.26252,    -0.25759
2.640687758997956,     2.99077,     0.84030,     0.76972,     0.71362,    -0.20951,    -0.26992,    -0.26314,    -0.25790
2.6606018009988475,     3.00002,     0.73057,     0.77526,     0.71454,    -0.20828,    -0.27054,    -0.26036,    -0.25697
2.6805998959971475,     2.99817,     0.64150,     0.77126,     0.71146,    -0.20858,    -0.27115,    -0.26314,    -0.25852
2.7006003610003972,     2.99909,     0.57245,     0.77372,     0.71609,    -0.20735,    -0.27239,    -0.26129,    -0.25697
2.72059825299948,     2.99539,     0.52622,     0.77557,     0.71424,    -0.20828,    -0.27269,    -0.26098,    -0.25636
2.740602958998352,     2.99786,     0.50434,     0.77496,     0.71454,    -0.20766,    -0.27269,    -0.26098,    -0.25697
2.7606042949992116,     2.99971,     0.50372,     0.77403,     0.71485,    -0.20643,    -0.27208,    -0.26098,    -0.25512
2.780606185999204,     2.99878,     0.52869,     0.77465,     0.71393,    -0.20766,    -0.27177,    -0.26221,    -0.25697
2.800608410998393,     2.99139,     0.57646,     0.76756,     0.70499,    -0.20704,    -0.27115,    -0.26221,    -0.25882
2.8206330049979442,     2.99601,     0.64612,     0.77896,     0.72194,    -0.20797,    -0.27023,    -0.26036,    -0.25667
2.8406969139978173,     2.99262,     0.73735,     0.76972,     0.71269,    -0.20828,    -0.26869,    -0.26191,    -0.25759
2.860625083998457,     3.00125,     0.84831,     0.77311,     0.71424,    -0.20797,    -0.26715,    -0.26129,    -0.25605
2.8806239570003527,     3.00033,     0.97807,     0.77341,     0.71485,    -0.20766,    -0.26468,    -0.26160,    -0.25543
2.900621663997299,     3.00002,     1.12232,     0.77526,     0.71547,    -0.20858,    -0.26221,    -0.26036,    -0.25667
2.9206207770002948,     2.99878,     1.28260,     0.77249,     0.71454,    -0.20704,    -0.26036,    -0.26098,    -0.25636
2.940623742997559,     3.00063,     1.45305,     0.77403,     0.71362,    -0.20797,    -0.25728,    -0.26221,    -0.25759
2.9606254489990533,     3.00495,     1.63058,     0.77280,     0.71485,    -0.20797,    -0.25512,    -0.26098,    -0.25605
2.9806256919982843,     3.00217,     1.81644,     0.77341,     0.71393,    -0.20828,    -0.25173,    -0.26098,    -0.25697
3.0006262690003496,     2.99909,     2.00446,     0.76756,     0.70684,    -0.20858,    -0.24989,    -0.26468,    -0.25975
3.0207113249998656,     2.99478,     2.19278,     0.77804,     0.72040,    -0.21012,    -0.24804,    -0.26221,    -0.25667
3.0407198459979554,     2.99570,     2.37617,     0.77095,     0.71085,    -0.20982,    -0.24557,    -0.26283,    -0.25821
3.0606514239989338,     3.00125,     2.55494,     0.77496,     0.71701,    -0.21074,    -0.24280,    -0.26221,    -0.25790
3.08064849999937,     3.00094,     2.72539,     0.77496,     0.71362,    -0.21136,    -0.24002,    -0.26406,    -0.25759
3.1006413729992346,     3.00156,     2.88289,     0.77526,     0.71454,    -0.21074,    -0.23817,    -0.26345,    -0.25821
3.120640375997027,     3.00002,     3.02745,     0.77496,     0.71485,    -0.21197,    -0.23694,    -0.26314,    -0.25821
3.1406433039992407,     3.00187,     3.15505,     0.77434,     0.71424,    -0.21197,    -0.23540,    -0.26376,    -0.25790
3.160645158997795,     3.00002,     3.26601,     0.77434,     0.71362,    -0.21228,    -0.23386,    -0.26437,    -0.25790
3.180646845998126,     3.00125,     3.35509,     0.77403,     0.71485,    -0.21259,    -0.23324,    -0.26406,    -0.25913
3.200648607999028,     2.99509,     3.42413,     0.76725,     0.70653,    -0.21259,    -0.23324,    -0.26560,    -0.26067
3.2206710359969293,     2.98553,     3.46944,     0.78112,     0.72133,    -0.21321,    -0.23170,    -0.26406,    -0.25882
3.240679056998488,     2.99632,     3.49225,     0.77403,     0.71115,    -0.21382,    -0.23108,    -0.26591,    -0.25975
3.260669021998183,     3.00002,     3.49102,     0.77403,     0.71393,    -0.21382,    -0.23232,    -0.26591,    -0.25913
3.2806668399971386,     2.99632,     3.46697,     0.77434,     0.71485,    -0.21413,    -0.23293,    -0.26499,    -0.26160
3.300664323996898,     2.99663,     3.41951,     0.77588,     0.71485,    -0.21444,    -0.23386,    -0.26591,    -0.26036
3.3206632339970383,     2.99570,     3.35047,     0.77681,     0.71454,    -0.21382,    -0.23478,    -0.26468,    -0.26036
3.3406647729971155,     3.00341,     3.25769,     0.77218,     0.71547,    -0.21413,    -0.23602,    -0.26560,    -0.25975
3.3606681279998156,     2.99971,     3.14735,     0.77311,     0.71362,    -0.21382,    -0.23848,    -0.26530,    -0.25913
3.380668499998137,     2.99724,     3.01882,     0.77341,     0.71331,    -0.21382,    -0.23971,    -0.26684,    -0.26067
3.4006693919982354,     2.98615,     2.87241,     0.76725,     0.70653,    -0.21351,    -0.24249,    -0.26807,    -0.26252
3.420714837997366,     2.98707,     2.71429,     0.77865,     0.71855,    -0.21444,    -0.24557,    -0.26560,    -0.26036
3.4408309859973087,     2.98738,     2.54231,     0.77095,     0.71239,    -0.21475,    -0.24742,    -0.26560,    -0.26067
3.4606874549972417,     3.00002,     2.36477,     0.77588,     0.71547,    -0.21259,    -0.24958,    -0.26530,    -0.25944
3.480682123998122,     2.99786,     2.17922,     0.77526,     0.71485,    -0.21259,    -0.25235,    -0.26376,    -0.26006
3.5006812929968874,     2.99940,     1.99120,     0.77280,     0.71362,    -0.21197,    -0.25451,    -0.26437,    -0.25913
3.5206848319976416,     2.99724,     1.80380,     0.77341,     0.71516,    -0.21228,    -0.25790,    -0.26530,    -0.25852
3.5406825199970626,     2.98676,     1.61979,     0.77187,     0.71424,    -0.21197,    -0.25944,    -0.26468,    -0.25882
3.5606855599980918,     2.99878,     1.44072,     0.77157,     0.71362,    -0.21167,    -0.26129,    -0.26376,    -0.25944
3.580684709999332,     3.00033,     1.27150,     0.77218,     0.71239,    -0.21105,    -0.26376,    -0.26499,    -0.25852
3.60068560199943,     2.99293,     1.11277,     0.76355,     0.70437,    -0.21012,    -0.26622,    -0.26715,    -0.26252
3.620727010998962,     2.99354,     0.96760,     0.77557,     0.71793,    -0.21136,    -0.26930,    -0.26406,    -0.25944
3.6407773079990875,     2.99324,     0.83999,     0.76756,     0.71177,    -0.21136,    -0.27023,    -0.26437,    -0.25852
3.6607022939970193,     3.00063,     0.73057,     0.77249,     0.71454,    -0.21012,    -0.27084,    -0.26468,    -0.25852
3.6806992969977728,     2.99724,     0.64057,     0.77434,     0.71331,    -0.20920,    -0.27177,    -0.26314,    -0.25852
3.7006977439996263,     2.99848,     0.57245,     0.77372,     0.71485,    -0.20920,    -0.27269,    -0.26283,    -0.25790
3.72069670899873,     2.99878,     0.52622,     0.77403,     0.71454,    -0.20982,    -0.27269,    -0.26283,    -0.25728
3.7407077479983855,     2.98861,     0.50526,     0.77496,     0.71393,    -0.20858,    -0.27300,    -0.26221,    -0.25759
3.760708583999076,     3.00033,     0.50372,     0.77311,     0.71485,    -0.20858,    -0.27300,    -0.26221,    -0.25790
3.7807083829975454,     2.99909,     0.52899,     0.77280,     0.71269,    -0.20828,    -0.27208,    -0.26345,    -0.25790
3.800710662999336,     2.99293,     0.57615,     0.76602,     0.70653,    -0.20735,    -0.27115,    -0.26345,    -0.25913
3.8207283509982517,     2.99262,     0.64674,     0.77804,     0.71978,    -0.20920,    -0.27084,    -0.26191,    -0.25759
3.8407509270000446,     2.98645,     0.73735,     0.76848,     0.71146,    -0.20889,    -0.26838,    -0.26252,    -0.25728
3.8607291699991038,     3.00310,     0.84862,     0.77341,     0.71485,    -0.19810,    -0.25975,    -0.25543,    -0.25235
3.880724635997467,     2.99848,     0.97838,     0.77311,     0.71331,    -0.20211,    -0.26006,    -0.25821,    -0.25358
3.900723619997734,     2.99601,     1.12479,     0.77372,     0.71362,    -0.20581,    -0.26006,    -0.26036,    -0.25512
3.9207188629989105,     3.00063,     1.28229,     0.77249,     0.71269,    -0.20673,    -0.25852,    -0.26067,    -0.25574
3.940724402997148,     2.99786,     1.45335,     0.77588,     0.71115,    -0.20735,    -0.25636,    -0.26221,    -0.25697
3.960728386999108,     2.99971,     1.63243,     0.77311,     0.71393,    -0.20735,    -0.25389,    -0.26252,    -0.25728
3.980727925998508,     2.99632,     1.81798,     0.77465,     0.71578,    -0.20828,    -0.25173,    -0.26129,    -0.25821
4.000730187999579,     2.99848,     2.00446,     0.76694,     0.70715,    -0.20828,    -0.24958,    -0.26437,    -0.25975
4.020762059997651,     2.99262,     2.19186,     0.77588,     0.71701,    -0.21043,    -0.24865,    -0.26345,    -0.25852
4.0408383939975465,     2.99539,     2.37833,     0.77187,     0.71393,    -0.20920,    -0.24434,    -0.26437,    -0.25759
4.060748453997803,     2.99416,     2.55587,     0.77311,     0.71393,    -0.20951,    -0.24249,    -0.26314,    -0.25790
4.080742123998789,     2.99693,     2.72508,     0.77064,     0.71393,    -0.21043,    -0.24002,    -0.26376,    -0.25882
4.100743866998528,     2.99663,     2.88351,     0.77280,     0.71454,    -0.21074,    -0.23786,    -0.26437,    -0.25821
4.120742314000381,     2.99848,     3.02807,     0.77218,     0.71300,    -0.21136,    -0.23602,    -0.26437,    -0.25975
4.140746445998957,     2.99909,     3.15536,     0.77372,     0.71424,    -0.21167,    -0.23509,    -0.26406,    -0.25852
4.160746744997596,     2.99971,     3.26601,     0.77280,     0.71454,    -0.21228,    -0.23355,    -0.26530,    -0.25913
4.180748746999598,     3.00002,     3.35632,     0.77280,     0.71393,    -0.21290,    -0.23324,    -0.26437,    -0.25913
4.200753138000437,     2.99385,     3.42413,     0.76787,     0.70776,    -0.21290,    -0.23232,    -0.26684,    -0.26191
4.22076460399694,     2.99324,     3.47036,     0.77835,     0.71948,    -0.21413,    -0.23232,    -0.26653,    -0.26129
4.240874566999992,     2.99139,     3.49194,     0.76941,     0.71208,    -0.21382,    -0.23170,    -0.26684,    -0.26036
4.260772811998322,     3.00156,     3.49102,     0.77372,     0.71393,    -0.21413,    -0.23293,    -0.26745,    -0.26036
4.28076835200045,     3.00187,     3.46605,     0.77157,     0.71362,    -0.21413,    -0.23293,    -0.26653,    -0.26006
4.3007666140001675,     2.99817,     3.41982,     0.77403,     0.71393,    -0.21506,    -0.23447,    -0.26622,    -0.26098
4.320766097996966,     2.99693,     3.34954,     0.77280,     0.71331,    -0.21506,    -0.23540,    -0.26530,    -0.26036
4.3407662110003,     2.99971,     3.25862,     0.77280,     0.71578,    -0.21536,    -0.23632,    -0.26591,    -0.26160
4.360767879999912,     2.99878,     3.14642,     0.77311,     0.71362,    -0.21444,    -0.23786,    -0.26591,    -0.26067
4.380771382999228,     2.99724,     3.01697,     0.77218,     0.71331,    -0.21506,    -0.24095,    -0.26622,    -0.25975
4.400774755999009,     2.98830,     2.87241,     0.76663,     0.70622,    -0.21475,    -0.24310,    -0.26869,    -0.26252
4.420806590998836,     2.98985,     2.71275,     0.77711,     0.71793,    -0.21413,    -0.24557,    -0.26684,    -0.26067
4.440892776998226,     2.99878,     2.53984,     0.77033,     0.70930,    -0.21506,    -0.24711,    -0.26560,    -0.26129
4.460791206998692,     2.99755,     2.36292,     0.77157,     0.71300,    -0.21475,    -0.25050,    -0.26653,    -0.26129
4.4807888209979865,     3.00094,     2.17768,     0.77280,     0.71393,    -0.21475,    -0.25297,    -0.26560,    -0.26129
4.500784897998528,     2.99539,     1.98966,     0.77157,     0.71239,    -0.21444,    -0.25543,    -0.26591,    -0.26129
4.520787695997569,     3.00063,     1.80226,     0.77218,     0.71331,    -0.21228,    -0.25759,    -0.26715,    -0.26036
4.54079117999936,     2.99570,     1.61856,     0.77126,     0.71269,    -0.21321,    -0.26006,    -0.26653,    -0.25944
4.560789145998569,     2.98183,     1.44010,     0.77187,     0.71331,    -0.21290,    -0.26283,    -0.26653,    -0.25975
4.580791166998097,     3.00125,     1.27058,     0.76972,     0.71054,    -0.21228,    -0.26530,    -0.26499,    -0.26036
4.600795001999359,     2.99447,     1.11123,     0.76478,     0.70468,    -0.21136,    -0.26776,    -0.26715,    -0.26191
4.6208330409972405,     2.99447,     0.96821,     0.77773,     0.72009,    -0.21197,    -0.27023,    -0.26622,    -0.26006
4.640898486999504,     2.99601,     0.83968,     0.77064,     0.71239,    -0.21228,    -0.27084,    -0.26499,    -0.25975
4.660812120997434,     2.99324,     0.73026,     0.77372,     0.71424,    -0.21012,    -0.27208,    -0.26437,    -0.25944
4.68080665999878,     2.99200,     0.64119,     0.77311,     0.71362,    -0.20982,    -0.27146,    -0.26437,    -0.25913
4.700808403998963,     2.99878,     0.57245,     0.77157,     0.71300,    -0.20858,    -0.27269,    -0.26499,    -0.25944
4.720809090998955,     2.99909,     0.52622,     0.77218,     0.71393,    -0.20920,    -0.27331,    -0.26437,    -0.25913
4.740809982999053,     2.99878,     0.50434,     0.77280,     0.71300,    -0.20920,    -0.27269,    -0.26437,    -0.25882
4.760813873999723,     2.99755,     0.50434,     0.77249,     0.71300,    -0.20766,    -0.27239,    -0.26468,    -0.25882
4.780815153997537,     3.00156,     0.53023,     0.77157,     0.71393,    -0.20797,    -0.27208,    -0.26345,    -0.25759
4.800817193998228,     2.99262,     0.57677,     0.76540,     0.70561,    -0.20550,    -0.27177,    -0.26622,    -0.26036
4.820840750999196,     2.99262,     0.64704,     0.77711,     0.72040,    -0.21074,    -0.27177,    -0.26468,    -0.25913
4.840856475999317,     2.97967,     0.73766,     0.76694,     0.71054,    -0.21012,    -0.26900,    -0.26376,    -0.25759
4.860834774997784,     2.99848,     0.85016,     0.77526,     0.71516,    -0.20982,    -0.26776,    -0.26376,    -0.25852
4.880831832997501,     2.99755,     0.97900,     0.77280,     0.71393,    -0.20920,    -0.26530,    -0.26406,    -0.25821
4.900828316996922,     3.00187,     1.12417,     0.77249,     0.71362,    -0.20982,    -0.26283,    -0.26406,    -0.25852
4.920830504997866,     3.00094,     1.28352,     0.77249,     0.71362,    -0.21074,    -0.26129,    -0.26468,    -0.25944
4.940828932998556,     2.99663,     1.45397,     0.77095,     0.71362,    -0.21105,    -0.25852,    -0.26437,    -0.25913
4.960831824999332,     2.99817,     1.63336,     0.77157,     0.71454,    -0.20982,    -0.25574,    -0.26283,    -0.25882
4.980836863996956,     2.99786,     1.81798,     0.77218,     0.71239,    -0.21136,    -0.25389,    -0.26406,    -0.25944
5.000837291998323,     2.99539,     2.00600,     0.76540,     0.70715,    -0.21136,    -0.25081,    -0.26591,    -0.26129
5.020876349997707,     2.98368,     2.19340,     0.77650,     0.71763,    -0.21351,    -0.24989,    -0.26530,    -0.26006
5.040941183997347,     2.98491,     2.37802,     0.77126,     0.71393,    -0.21197,    -0.24649,    -0.26560,    -0.25944
5.060852929000248,     2.98985,     2.55679,     0.77218,     0.71393,    -0.21290,    -0.24434,    -0.26591,    -0.26006
5.0808525609973,     2.99971,     2.72631,     0.77126,     0.71454,    -0.21259,    -0.24156,    -0.26560,    -0.25913
5.100848637997842,     2.99693,     2.88474,     0.77218,     0.71331,    -0.21351,    -0.23941,    -0.26622,    -0.26067
5.120853177999379,     2.99663,     3.02837,     0.77126,     0.71331,    -0.21321,    -0.23848,    -0.26715,    -0.26067
5.140853049997531,     2.99786,     3.15629,     0.77249,     0.71300,    -0.21444,    -0.23632,    -0.26560,    -0.26160
5.1608565709975665,     2.99817,     3.26509,     0.77157,     0.71393,    -0.21444,    -0.23478,    -0.26684,    -0.26129
5.180860054999357,     2.99693,     3.35571,     0.77157,     0.71331,    -0.21444,    -0.23355,    -0.26591,    -0.26036
5.200859020998905,     2.98615,     3.42475,     0.76509,     0.70684,    -0.21382,    -0.23386,    -0.26745,    -0.26221
5.220872596997651,     2.99200,     3.47067,     0.77588,     0.71855,    -0.21660,    -0.23355,    -0.26684,    -0.26067
5.240958874997887,     2.99848,     3.49225,     0.76972,     0.71177,    -0.21629,    -0.23355,    -0.26745,    -0.26067
5.260875749998377,     3.00125,     3.49071,     0.77064,     0.71208,    -0.21598,    -0.23293,    -0.26776,    -0.26160
5.280875770997227,     2.99940,     3.46667,     0.77095,     0.71331,    -0.21567,    -0.23417,    -0.26838,    -0.26160
5.30087493999963,     3.00125,     3.41920,     0.77218,     0.71393,    -0.21629,    -0.23417,    -0.26653,    -0.26191
5.320873275999475,     2.99755,     3.34893,     0.77187,     0.71115,    -0.21660,    -0.23632,    -0.26776,    -0.26283
5.340873630997521,     2.99755,     3.25738,     0.77157,     0.71269,    -0.21629,    -0.23756,    -0.26622,    -0.26191
5.360878873998445,     2.99878,     3.14642,     0.77126,     0.71424,    -0.21660,    -0.23910,    -0.26807,    -0.26221
5.380881228000362,     2.99848,     3.01789,     0.77157,     0.71331,    -0.21598,    -0.24095,    -0.26653,    -0.26191
5.400881470999593,     2.99200,     2.87056,     0.76294,     0.70653,    -0.21567,    -0.24341,    -0.26900,    -0.26345
5.4209565649980505,     2.99200,     2.71183,     0.77619,     0.71763,    -0.21752,    -0.24711,    -0.26961,    -0.26283
5.440972510998108,     2.98676,     2.54107,     0.76848,     0.71115,    -0.21567,    -0.24865,    -0.26869,    -0.26191
5.46089914500044,     2.99693,     2.36169,     0.77218,     0.71547,    -0.21567,    -0.25081,    -0.26622,    -0.26314
5.480896887998824,     2.99971,     2.17799,     0.77064,     0.71300,    -0.21536,    -0.25358,    -0.26684,    -0.26129
5.50090039099814,     2.99786,     1.98905,     0.77218,     0.71239,    -0.21506,    -0.25605,    -0.26838,    -0.26160
5.520898115999444,     2.99786,     1.80257,     0.77249,     0.71331,    -0.21444,    -0.25790,    -0.26715,    -0.26191
5.540897044000303,     2.99909,     1.61764,     0.77126,     0.71269,    -0.21413,    -0.25975,    -0.26745,    -0.26098
5.560905231999641,     2.99539,     1.43887,     0.77095,     0.71331,    -0.21290,    -0.26283,    -0.26530,    -0.26036
5.580907937997836,     2.99663,     1.26904,     0.76972,     0.71269,    -0.21351,    -0.26591,    -0.26684,    -0.26191
5.60091340299914,     2.99077,     1.11092,     0.76417,     0.70530,    -0.21228,    -0.26745,    -0.26838,    -0.26252
5.620913627997652,     2.99324,     0.96636,     0.77619,     0.71978,    -0.21290,    -0.27023,    -0.26653,    -0.26129
5.640932184996927,     2.99231,     0.83876,     0.76817,     0.71115,    -0.21290,    -0.27054,    -0.26622,    -0.26129
5.66092505800043,     2.99971,     0.72965,     0.77311,     0.71454,    -0.21290,    -0.27239,    -0.26530,    -0.26036
5.68092533899835,     2.99909,     0.64088,     0.77187,     0.71393,    -0.21074,    -0.27208,    -0.26499,    -0.25975
5.700922026997432,     2.99971,     0.57245,     0.77157,     0.70992,    -0.21136,    -0.27362,    -0.26653,    -0.26036
5.72092036200047,     2.99509,     0.52622,     0.77033,     0.71269,    -0.21074,    -0.27393,    -0.26560,    -0.25975
5.740921494998474,     2.99971,     0.50495,     0.77249,     0.71300,    -0.21167,    -0.27362,    -0.26468,    -0.25944
5.760923866997473,     2.99539,     0.50464,     0.77126,     0.71331,    -0.21074,    -0.27300,    -0.26468,    -0.25975
5.780925628998375,     2.99663,     0.53023,     0.77002,     0.71331,    -0.21167,    -0.27269,    -0.26345,    -0.26036
5.800926723997691,     2.99200,     0.57708,     0.76417,     0.70437,    -0.20982,    -0.27146,    -0.26560,    -0.26036
5.820960947999993,     2.98830,     0.64889,     0.77341,     0.71609,    -0.21074,    -0.27269,    -0.26406,    -0.25913
5.841049059999932,     2.99509,     0.73920,     0.76879,     0.71177,    -0.21136,    -0.26930,    -0.26406,    -0.26006
5.860942379997141,     2.99108,     0.84985,     0.77064,     0.71300,    -0.21074,    -0.26745,    -0.26406,    -0.25852
5.88094202999855,     2.99909,     0.98054,     0.77126,     0.71393,    -0.21105,    -0.26653,    -0.26345,    -0.26036
5.900940809999156,     3.00156,     1.12571,     0.77126,     0.71300,    -0.21167,    -0.26376,    -0.26499,    -0.26006
5.920942127999297,     2.99971,     1.28445,     0.77064,     0.71269,    -0.21105,    -0.26129,    -0.26499,    -0.25975
5.940953760000411,     3.00002,     1.45582,     0.77033,     0.71269,    -0.21105,    -0.25852,    -0.26560,    -0.26006
5.960946391998732,     2.99015,     1.63459,     0.77218,     0.71516,    -0.21228,    -0.25636,    -0.26468,    -0.25944
5.980943875998491,     2.99539,     1.81829,     0.76817,     0.71146,    -0.21259,    -0.25389,    -0.26530,    -0.25913
6.000950044999627,     2.98399,     2.00723,     0.76232,     0.70530,    -0.21259,    -0.25081,    -0.26745,    -0.26129
6.020986472998629,     2.99539,     2.19556,     0.77742,     0.71763,    -0.21321,    -0.24958,    -0.26684,    -0.26252
6.041055639998376,     2.99601,     2.37987,     0.77033,     0.70930,    -0.21413,    -0.24649,    -0.26622,    -0.26098
6.060964218999288,     2.99169,     2.55741,     0.77218,     0.71300,    -0.21321,    -0.24403,    -0.26468,    -0.26129
6.08096357300019,     2.99755,     2.72755,     0.77064,     0.71424,    -0.21351,    -0.24125,    -0.26684,    -0.26067
6.100963056996989,     2.99447,     2.88567,     0.77126,     0.71424,    -0.21382,    -0.23941,    -0.26591,    -0.26160
6.1209642449975945,     2.99385,     3.02961,     0.77095,     0.71208,    -0.21413,    -0.23817,    -0.26776,    -0.26191
6.140965154998412,     2.99632,     3.15752,     0.77064,     0.71239,    -0.21506,    -0.23571,    -0.26745,    -0.26129
6.1609645649987215,     2.99848,     3.26725,     0.77187,     0.71239,    -0.21598,    -0.23447,    -0.26715,    -0.26098
6.180967549000343,     2.99817,     3.35632,     0.77218,     0.71362,    -0.21567,    -0.23386,    -0.26745,    -0.26221
6.20096875499803,     2.99509,     3.42444,     0.76417,     0.70530,    -0.21506,    -0.23355,    -0.26992,    -0.26252
6.22099688599701,     2.99262,     3.47036,     0.77496,     0.71824,    -0.21783,    -0.23386,    -0.26838,    -0.26283
6.241059405998385,     2.99447,     3.49225,     0.76848,     0.71054,    -0.21691,    -0.23355,    -0.26776,    -0.26252
6.2609877989998495,     2.99478,     3.49132,     0.77064,     0.71485,    -0.21783,    -0.23417,    -0.26900,    -0.26345
6.280984728000476,     2.99940,     3.46667,     0.77095,     0.71269,    -0.21721,    -0.23447,    -0.26776,    -0.26283
6.300982266999199,     3.00002,     3.41920,     0.77187,     0.71239,    -0.21721,    -0.23447,    -0.26961,    -0.26314
6.320984732999932,     2.99693,     3.34862,     0.76879,     0.71239,    -0.21660,    -0.23478,    -0.26807,    -0.26283
6.340989956999692,     2.99046,     3.25707,     0.76941,     0.71115,    -0.21752,    -0.23694,    -0.26869,    -0.26252
6.360986163999769,     2.99848,     3.14519,     0.77126,     0.71208,    -0.21721,    -0.23971,    -0.26807,    -0.26252
6.380987609998556,     2.99971,     3.01635,     0.76972,     0.71177,    -0.21660,    -0.24002,    -0.26869,    -0.26221
6.400988538996899,     2.99447,     2.87025,     0.76355,     0.70561,    -0.21598,    -0.24372,    -0.26992,    -0.26376
6.421017632997973,     2.99570,     2.71060,     0.77557,     0.71855,    -0.21752,    -0.24588,    -0.26961,    -0.26283
6.4410834859991155,     2.98738,     2.53984,     0.76663,     0.71054,    -0.21721,    -0.24834,    -0.26900,    -0.26314
6.461002304997237,     3.00063,     2.36107,     0.77126,     0.71331,    -0.21721,    -0.25143,    -0.26869,    -0.26283
6.48100317799981,     2.99786,     2.17614,     0.77157,     0.71424,    -0.21629,    -0.25482,    -0.26807,    -0.26191
6.501000107000436,     3.00125,     1.98874,     0.77002,     0.71362,    -0.21629,    -0.25667,    -0.26869,    -0.26314
6.521004941998399,     3.00341,     1.80072,     0.76941,     0.71023,    -0.21567,    -0.25882,    -0.26869,    -0.26314
6.5410045930002525,     2.99940,     1.61610,     0.76941,     0.71269,    -0.21506,    -0.26129,    -0.26745,    -0.26129
6.561006687999907,     2.99786,     1.43794,     0.77095,     0.71362,    -0.21413,    -0.26283,    -0.26745,    -0.26160
6.5810083389987994,     2.99940,     1.26935,     0.77064,     0.71393,    -0.21413,    -0.26591,    -0.26715,    -0.26067
6.601013026000146,     2.99509,     1.11061,     0.76478,     0.70406,    -0.21228,    -0.26776,    -0.26838,    -0.26191
6.621014196000033,     2.99447,     0.96667,     0.77496,     0.71793,    -0.21444,    -0.26992,    -0.26653,    -0.26160
6.641042437997385,     2.98645,     0.83783,     0.76633,     0.71023,    -0.21228,    -0.27084,    -0.26745,    -0.26191
6.661033588999999,     2.99755,     0.72965,     0.77157,     0.71516,    -0.21382,    -0.27269,    -0.26560,    -0.26036
6.681025517998933,     2.99909,     0.63903,     0.77157,     0.71300,    -0.21228,    -0.27331,    -0.26684,    -0.26067
6.701022297998861,     2.99724,     0.57091,     0.77126,     0.71269,    -0.21228,    -0.27362,    -0.26560,    -0.26006
6.721022262998304,     2.99632,     0.52591,     0.77033,     0.71300,    -0.21167,    -0.27362,    -0.26622,    -0.26006
6.741027617998043,     2.99632,     0.50434,     0.76941,     0.71300,    -0.21105,    -0.27454,    -0.26530,    -0.26006
6.761025157000404,     2.99663,     0.50557,     0.77002,     0.71300,    -0.21290,    -0.27393,    -0.26622,    -0.26036
6.781030196998472,     2.99940,     0.52961,     0.76941,     0.71208,    -0.21228,    -0.27393,    -0.26560,    -0.26067
6.80103325500022,     2.98553,     0.57677,     0.76448,     0.70561,    -0.21074,    -0.27177,    -0.26715,    -0.26067
6.821064496998588,     2.98985,     0.64797,     0.77496,     0.71732,    -0.21167,    -0.27208,    -0.26499,    -0.25975
6.841138886997214,     2.99354,     0.74074,     0.76972,     0.71331,    -0.21228,    -0.27023,    -0.26499,    -0.25975
6.861046576999797,     2.99478,     0.85109,     0.77002,     0.71208,    -0.21136,    -0.26745,    -0.26591,    -0.26006
6.881045578997146,     2.99324,     0.97992,     0.77002,     0.71331,    -0.21105,    -0.26591,    -0.26591,    -0.25944
6.90104352599883,     2.99878,     1.12695,     0.77095,     0.71239,    -0.21136,    -0.26314,    -0.26560,    -0.26006
6.9210446209981455,     2.99755,     1.28630,     0.77033,     0.71331,    -0.21167,    -0.26098,    -0.26468,    -0.26036
6.941058530999726,     2.99817,     1.45705,     0.77095,     0.71146,    -0.21228,    -0.25852,    -0.26653,    -0.26067
6.961051866997877,     2.99077,     1.63613,     0.76972,     0.71300,    -0.21321,    -0.25605,    -0.26622,    -0.26067
6.981051332997595,     2.99817,     1.81891,     0.76633,     0.71208,    -0.21351,    -0.25328,    -0.26499,    -0.26036
7.001053445997968,     2.99293,     2.00816,     0.76232,     0.70499,    -0.21197,    -0.25112,    -0.26653,    -0.25975
7.021082985000248,     2.99786,     2.19586,     0.77557,     0.71701,    -0.21321,    -0.24896,    -0.26591,    -0.26191
7.04115035599898,     2.99324,     2.38049,     0.76848,     0.71115,    -0.21382,    -0.24588,    -0.26715,    -0.26221
7.061067249996995,     2.99601,     2.55803,     0.77095,     0.71269,    -0.21351,    -0.24372,    -0.26560,    -0.26160
7.081064955997135,     2.99478,     2.72878,     0.77002,     0.71331,    -0.21413,    -0.24125,    -0.26715,    -0.26252
7.101065124999877,     2.99909,     2.88567,     0.77002,     0.71208,    -0.21536,    -0.23910,    -0.26622,    -0.26191
7.12106436799877,     2.99663,     3.03084,     0.77249,     0.71269,    -0.21629,    -0.23725,    -0.26715,    -0.26221
7.141067685999587,     2.99693,     3.15721,     0.77033,     0.71331,    -0.21536,    -0.23602,    -0.26838,    -0.26252
7.1610700210003415,     2.99817,     3.26755,     0.76756,     0.71300,    -0.21567,    -0.23478,    -0.26684,    -0.26191
7.181073097999615,     2.99724,     3.35756,     0.76972,     0.71300,    -0.21721,    -0.23478,    -0.26869,    -0.26283
7.201075062999735,     2.99046,     3.42567,     0.76386,     0.70530,    -0.21506,    -0.23355,    -0.27023,    -0.26129
7.221101990999159,     2.99324,     3.47036,     0.77619,     0.72163,    -0.21845,    -0.23386,    -0.26930,    -0.26314
7.241110585997376,     2.97443,     3.49256,     0.76941,     0.71085,    -0.21691,    -0.23355,    -0.26961,    -0.26376
7.261085125999671,     2.98892,     3.49132,     0.77064,     0.71424,    -0.21783,    -0.23417,    -0.26930,    -0.26345
7.281090091997612,     2.99786,     3.46728,     0.77064,     0.71269,    -0.21783,    -0.23417,    -0.26961,    -0.26376
7.3010855939974135,     3.00187,     3.41828,     0.77095,     0.71300,    -0.21814,    -0.23478,    -0.26930,    -0.26283
7.321084540999436,     3.00063,     3.34862,     0.77033,     0.71208,    -0.21814,    -0.23602,    -0.26961,    -0.26345
7.341087691998837,     2.99817,     3.25553,     0.76941,     0.71239,    -0.21783,    -0.23725,    -0.26869,    -0.26314
7.3610843979986385,     2.99724,     3.14519,     0.77033,     0.71331,    -0.21845,    -0.23910,    -0.26900,    -0.26283
7.381091177998314,     2.99693,     3.01450,     0.76972,     0.71239,    -0.21752,    -0.24187,    -0.27023,    -0.26283
7.401091329000337,     2.99632,     2.87025,     0.76355,     0.70437,    -0.21660,    -0.24341,    -0.26838,    -0.26191
7.421126089997415,     2.99632,     2.70998,     0.77218,     0.71670,    -0.21783,    -0.24649,    -0.26961,    -0.26314
7.441200905999722,     2.97782,     2.53861,     0.76941,     0.71300,    -0.21783,    -0.24804,    -0.26838,    -0.26191
7.461100669999723,     3.00156,     2.36076,     0.76941,     0.71239,    -0.21783,    -0.25112,    -0.26838,    -0.26376
7.481106523999188,     2.99724,     2.17583,     0.76879,     0.71300,    -0.21660,    -0.25297,    -0.26838,    -0.26221
7.501104488997953,     2.99416,     1.98781,     0.76756,     0.71300,    -0.21660,    -0.25482,    -0.26807,    -0.26160
7.521106194999447,     2.99878,     1.79980,     0.76941,     0.71300,    -0.21598,    -0.25913,    -0.26807,    -0.26191
7.541106697997748,     2.99848,     1.61640,     0.77033,     0.71300,    -0.21536,    -0.26160,    -0.26776,    -0.26160
7.561108181998861,     2.99878,     1.43733,     0.76941,     0.71331,    -0.21475,    -0.26376,    -0.26838,    -0.26252
7.581111683997733,     3.00002,     1.26719,     0.76848,     0.71269,    -0.21413,    -0.26622,    -0.26807,    -0.26252
7.601111408999714,     2.99139,     1.10938,     0.76324,     0.70591,    -0.21382,    -0.26715,    -0.26838,    -0.25975
7.621125966998079,     2.99416,     0.96482,     0.77403,     0.71917,    -0.21475,    -0.27023,    -0.26591,    -0.26191
7.641183171999728,     2.98522,     0.83691,     0.76509,     0.70653,    -0.21321,    -0.27115,    -0.26807,    -0.26160
7.661129452997557,     3.00063,     0.72749,     0.77033,     0.71516,    -0.21382,    -0.27300,    -0.26776,    -0.26067
7.681130122000468,     2.99940,     0.63965,     0.76848,     0.71177,    -0.21351,    -0.27423,    -0.26684,    -0.26006
7.701123328999529,     2.99878,     0.57091,     0.77033,     0.71208,    -0.21228,    -0.27362,    -0.26530,    -0.26098
7.721127998000156,     2.98645,     0.52622,     0.76941,     0.71239,    -0.21228,    -0.27423,    -0.26530,    -0.26006
7.741131593000318,     2.99139,     0.50464,     0.76879,     0.71177,    -0.21228,    -0.27423,    -0.26499,    -0.25975
7.761128113997984,     2.99539,     0.50588,     0.76910,     0.71362,    -0.21228,    -0.27423,    -0.26653,    -0.26036
7.781133004998992,     2.99878,     0.53023,     0.77095,     0.71300,    -0.21197,    -0.27300,    -0.26560,    -0.25975
7.80113197099854,     2.99108,     0.57677,     0.76232,     0.70530,    -0.20951,    -0.27177,    -0.26560,    -0.25882
7.821201637998456,     2.98122,     0.64951,     0.77218,     0.71609,    -0.21228,    -0.27177,    -0.26530,    -0.25944
7.841233232997183,     2.98769,     0.74013,     0.76602,     0.70992,    -0.21197,    -0.26992,    -0.26530,    -0.25975
7.861148181997123,     2.99293,     0.85109,     0.76972,     0.71393,    -0.21290,    -0.26930,    -0.26560,    -0.26006
7.881151276997116,     2.99632,     0.98147,     0.76910,     0.71331,    -0.21136,    -0.26560,    -0.26622,    -0.26129
7.901148223998462,     2.99724,     1.12664,     0.76879,     0.71269,    -0.21136,    -0.26345,    -0.26530,    -0.25944
7.921149114998116,     2.99817,     1.28599,     0.76879,     0.71269,    -0.21321,    -0.26191,    -0.26560,    -0.26036
7.941148043999419,     2.99447,     1.45644,     0.76910,     0.71269,    -0.21197,    -0.25852,    -0.26622,    -0.25975
7.961151731000427,     2.99878,     1.63582,     0.76879,     0.71208,    -0.21228,    -0.25605,    -0.26560,    -0.25975
7.981155899997248,     3.00156,     1.82076,     0.77095,     0.71239,    -0.21228,    -0.25358,    -0.26684,    -0.26067
8.00115825499961,     2.99231,     2.00816,     0.76294,     0.70530,    -0.21136,    -0.25173,    -0.26591,    -0.26006
8.021164719997614,     2.99324,     2.19648,     0.77496,     0.71886,    -0.21567,    -0.24958,    -0.26684,    -0.26221
8.04118712899799,     2.99200,     2.38203,     0.76602,     0.70807,    -0.21321,    -0.24557,    -0.26715,    -0.26098
8.061173705998954,     2.98923,     2.55926,     0.76910,     0.71331,    -0.21536,    -0.24526,    -0.26900,    -0.26098
8.081172283000342,     2.99971,     2.72816,     0.77033,     0.71269,    -0.21506,    -0.24187,    -0.26776,    -0.26160
8.10116872999788,     2.99940,     2.88690,     0.77033,     0.71331,    -0.21536,    -0.23910,    -0.26653,    -0.26191
8.121169157999248,     2.99909,     3.03115,     0.76972,     0.71146,    -0.21629,    -0.23817,    -0.26807,    -0.26098
8.141172715997527,     2.99909,     3.15906,     0.76972,     0.71085,    -0.21567,    -0.23632,    -0.26930,    -0.26283
8.161168755999824,     3.00125,     3.26817,     0.77002,     0.71269,    -0.21721,    -0.23602,    -0.26900,    -0.26252
8.181173981000029,     3.00094,     3.35694,     0.76972,     0.71424,    -0.21660,    -0.23447,    -0.26930,    -0.26252
8.201173704997927,     2.99200,     3.42598,     0.76232,     0.70653,    -0.21506,    -0.23386,    -0.26930,    -0.26160
8.221211263000441,     2.99724,     3.47036,     0.77249,     0.71547,    -0.21721,    -0.23417,    -0.27084,    -0.26345
8.241282929997396,     2.98923,     3.49163,     0.76571,     0.71115,    -0.21783,    -0.23417,    -0.26992,    -0.26283
8.261188841999683,     3.00187,     3.49102,     0.77126,     0.71516,    -0.21906,    -0.23447,    -0.26900,    -0.26314
8.28119986299862,     2.99940,     3.46667,     0.76972,     0.71208,    -0.21845,    -0.23478,    -0.26869,    -0.26283
8.301184772997658,     2.99539,     3.41828,     0.76941,     0.71269,    -0.21906,    -0.23509,    -0.26900,    -0.26345
8.321188941998116,     2.99293,     3.34708,     0.76848,     0.71269,    -0.21875,    -0.23663,    -0.26869,    -0.26406
8.341191259998595,     2.99878,     3.25646,     0.76848,     0.71177,    -0.21875,    -0.23817,    -0.26992,    -0.26283
8.361196799000027,     2.99848,     3.14396,     0.76848,     0.71300,    -0.21845,    -0.24002,    -0.26961,    -0.26314
8.381192097996973,     2.99878,     3.01512,     0.76972,     0.71269,    -0.21814,    -0.24218,    -0.26992,    -0.26283
8.401198247996945,     2.99231,     2.86933,     0.76201,     0.70653,    -0.21629,    -0.24372,    -0.26930,    -0.26160
8.421230694999394,     2.99293,     2.70844,     0.77341,     0.71793,    -0.21906,    -0.24742,    -0.26961,    -0.26283
8.441299584999797,     2.99231,     2.53645,     0.76633,     0.71146,    -0.21845,    -0.24958,    -0.26992,    -0.26314
8.461217495998426,     2.99139,     2.35922,     0.76910,     0.71239,    -0.21814,    -0.25235,    -0.26961,    -0.26314
8.48121494299994,     2.99878,     2.17460,     0.77033,     0.71115,    -0.21814,    -0.25420,    -0.26869,    -0.26252
8.501213945997733,     2.99940,     1.98596,     0.76972,     0.71269,    -0.21721,    -0.25667,    -0.26961,    -0.26314
8.521214059997874,     2.99755,     1.79918,     0.76817,     0.71300,    -0.21691,    -0.25975,    -0.26900,    -0.26345
8.541216968998924,     2.99909,     1.61517,     0.76879,     0.71362,    -0.21629,    -0.26221,    -0.26961,    -0.26221
8.561216378999234,     2.99693,     1.43640,     0.76817,     0.71085,    -0.21598,    -0.26345,    -0.26807,    -0.26191
8.581219567000517,     3.00372,     1.26688,     0.76756,     0.71239,    -0.21567,    -0.26622,    -0.26869,    -0.26160
8.601221236000129,     2.99231,     1.10907,     0.76232,     0.70530,    -0.21351,    -0.26776,    -0.26776,    -0.26036
8.621249070998601,     2.99601,     0.96451,     0.77280,     0.71516,    -0.21598,    -0.27146,    -0.26900,    -0.26191
8.641275276997476,     2.98430,     0.83660,     0.76540,     0.71054,    -0.21475,    -0.27115,    -0.26684,    -0.26129
8.661239372999262,     2.99478,     0.72780,     0.77126,     0.71362,    -0.21444,    -0.27208,    -0.26745,    -0.26221
8.681233912997413,     3.00094,     0.63934,     0.76756,     0.71269,    -0.21413,    -0.27331,    -0.26684,    -0.26129
8.701232136998442,     3.00156,     0.57122,     0.76972,     0.71177,    -0.21382,    -0.27454,    -0.26653,    -0.26129
8.721235491997504,     2.99971,     0.52591,     0.76787,     0.71023,    -0.21351,    -0.27454,    -0.26591,    -0.26036
8.741233586999442,     2.99878,     0.50341,     0.76879,     0.71269,    -0.21351,    -0.27485,    -0.26715,    -0.26006
8.761236403999646,     3.00217,     0.50526,     0.76941,     0.71177,    -0.21290,    -0.27454,    -0.26591,    -0.26036
8.781238239997037,     2.99755,     0.52992,     0.76879,     0.71177,    -0.21290,    -0.27331,    -0.26530,    -0.25944
8.801238964999357,     2.99478,     0.57831,     0.75924,     0.70653,    -0.21074,    -0.27146,    -0.26468,    -0.25821
8.821273076999205,     2.98892,     0.64951,     0.77187,     0.71578,    -0.21290,    -0.27239,    -0.26622,    -0.26129
8.84133852299783,     2.99416,     0.74074,     0.76725,     0.71239,    -0.21444,    -0.27054,    -0.26684,    -0.26036
8.861257674998342,     2.99015,     0.85294,     0.76756,     0.71300,    -0.21290,    -0.26838,    -0.26622,    -0.26067
8.881254973999603,     2.99478,     0.98147,     0.76879,     0.71331,    -0.21321,    -0.26684,    -0.26622,    -0.26006
8.90125069900023,     2.99693,     1.12756,     0.76817,     0.71269,    -0.21351,    -0.26406,    -0.26560,    -0.25944
8.921253386997705,     3.00002,     1.28784,     0.76787,     0.71054,    -0.21351,    -0.26160,    -0.26715,    -0.26067
8.941259425999306,     2.99971,     1.45767,     0.76879,     0.71269,    -0.21475,    -0.25913,    -0.26560,    -0.26036
8.961255391997838,     2.99262,     1.63706,     0.76817,     0.71300,    -0.21506,    -0.25728,    -0.26560,    -0.26067
8.981254782996984,     2.99878,     1.82168,     0.76941,     0.71239,    -0.21536,    -0.25451,    -0.26530,    -0.26098
9.001261007997527,     2.99200,     2.00970,     0.76386,     0.70437,    -0.21228,    -0.25112,    -0.26715,    -0.26098
9.021273805999954,     2.99416,     2.19710,     0.77341,     0.71732,    -0.21660,    -0.24989,    -0.26715,    -0.26221
9.04133025199917,     2.99354,     2.38234,     0.76602,     0.70961,    -0.21536,    -0.24649,    -0.26745,    -0.26098
9.061283310998988,     2.99878,     2.56049,     0.77126,     0.71393,    -0.21598,    -0.24434,    -0.26807,    -0.26098
9.081271831997583,     2.99663,     2.73001,     0.76941,     0.71146,    -0.21660,    -0.24218,    -0.26776,    -0.26129
9.101273519998358,     2.99570,     2.88875,     0.76941,     0.71177,    -0.21660,    -0.24033,    -0.26900,    -0.26221
9.121276466998097,     2.99324,     3.03238,     0.76879,     0.71177,    -0.21783,    -0.23879,    -0.26807,    -0.26129
9.141276192000078,     2.99385,     3.15844,     0.76756,     0.71239,    -0.21721,    -0.23663,    -0.26900,    -0.26221
9.161277156999859,     2.99139,     3.26848,     0.76756,     0.71269,    -0.21845,    -0.23602,    -0.26776,    -0.26160
9.181278788997588,     2.99909,     3.35725,     0.76941,     0.71269,    -0.21845,    -0.23478,    -0.26900,    -0.26252
9.201282957998046,     2.99416,     3.42444,     0.76139,     0.70591,    -0.21598,    -0.23386,    -0.26838,    -0.26191
9.22131729299872,     2.99447,     3.47098,     0.77126,     0.71578,    -0.22030,    -0.23540,    -0.26900,    -0.26345
9.24142029399809,     2.99755,     3.49194,     0.76663,     0.70992,    -0.21906,    -0.23355,    -0.26992,    -0.26376
9.26129957699959,     2.98985,     3.49132,     0.76879,     0.71300,    -0.21968,    -0.23478,    -0.27023,    -0.26283
9.28129768999861,     2.99663,     3.46697,     0.76787,     0.71208,    -0.21999,    -0.23478,    -0.26992,    -0.26376
9.301298025999131,     3.00248,     3.41858,     0.76848,     0.71177,    -0.21968,    -0.23663,    -0.27084,    -0.26345
9.321298083999864,     3.00002,     3.34769,     0.76879,     0.71269,    -0.21906,    -0.23663,    -0.27054,    -0.26437
9.341297326998756,     3.00094,     3.25646,     0.76910,     0.71239,    -0.21968,    -0.23817,    -0.27084,    -0.26345
9.361317052000231,     2.99878,     3.14365,     0.76633,     0.71115,    -0.21999,    -0.24033,    -0.26992,    -0.26437
9.381303535999905,     2.99324,     3.01358,     0.76879,     0.71177,    -0.22030,    -0.24187,    -0.27115,    -0.26406
9.40131118699719,     2.98892,     2.86779,     0.76047,     0.70345,    -0.21660,    -0.24372,    -0.27115,    -0.26252
9.421337484996911,     2.98676,     2.70813,     0.77033,     0.71547,    -0.21968,    -0.24773,    -0.27084,    -0.26468
9.441401559997757,     2.99324,     2.53737,     0.76602,     0.71177,    -0.21937,    -0.24865,    -0.26930,    -0.26376
9.461322860999644,     2.99324,     2.35799,     0.77126,     0.71393,    -0.21906,    -0.25235,    -0.27084,    -0.26283
9.481318547997944,     2.99909,     2.17244,     0.76879,     0.71300,    -0.21968,    -0.25451,    -0.26930,    -0.26437
9.501317346999713,     3.00002,     1.98566,     0.76725,     0.71115,    -0.21783,    -0.25697,    -0.26961,    -0.26376
9.52132107199941,     2.99632,     1.79702,     0.76725,     0.71208,    -0.21783,    -0.25975,    -0.26838,    -0.26345
9.54132020399993,     2.99817,     1.61394,     0.76972,     0.71300,    -0.21752,    -0.26252,    -0.26930,    -0.26283
9.561321576999035,     2.99632,     1.43609,     0.76787,     0.71239,    -0.21721,    -0.26437,    -0.26961,    -0.26283
9.581324300997949,     2.99817,     1.26503,     0.76756,     0.71177,    -0.21691,    -0.26715,    -0.26930,    -0.26283
9.601326934000099,     2.98985,     1.10845,     0.76109,     0.70345,    -0.21290,    -0.26776,    -0.26776,    -0.26006
9.62135858399779,     2.99262,     0.96451,     0.77958,     0.72502,    -0.21845,    -0.27269,    -0.26838,    -0.26314
9.641369400997064,     2.98769,     0.83598,     0.76448,     0.71023,    -0.21691,    -0.27208,    -0.26838,    -0.26252
9.661344199997984,     2.98800,     0.72626,     0.76910,     0.71300,    -0.21598,    -0.27362,    -0.26715,    -0.26252
9.681342887997744,     2.99663,     0.63718,     0.77002,     0.71208,    -0.21536,    -0.27393,    -0.26776,    -0.26252
9.701337724000041,     2.99940,     0.57153,     0.76879,     0.71177,    -0.21536,    -0.27578,    -0.26653,    -0.26160
9.721340336996946,     3.00156,     0.52530,     0.76848,     0.71208,    -0.21567,    -0.27516,    -0.26715,    -0.26129
9.741341450997425,     3.00125,     0.50310,     0.76910,     0.71146,    -0.21475,    -0.27485,    -0.26684,    -0.26160
9.761343508998834,     3.00248,     0.50557,     0.76848,     0.71269,    -0.21475,    -0.27516,    -0.26715,    -0.26129
9.781346640997072,     3.00372,     0.52930,     0.76848,     0.71146,    -0.21413,    -0.27454,    -0.26745,    -0.26160
9.801345717998629,     2.99293,     0.57769,     0.75492,     0.69543,    -0.20858,    -0.27115,    -0.26406,    -0.25605
9.821390607998183,     2.99478,     0.64920,     0.78759,     0.73335,    -0.21691,    -0.27516,    -0.26838,    -0.26252
9.841458497998246,     2.99478,     0.74167,     0.76817,     0.71269,    -0.21536,    -0.27177,    -0.26715,    -0.26283
9.861366872999497,     3.00372,     0.85324,     0.77064,     0.71424,    -0.21506,    -0.26992,    -0.26560,    -0.26191
9.88136087499879,     3.00033,     0.98270,     0.76910,     0.71208,    -0.21444,    -0.26715,    -0.26653,    -0.26191
9.901361118998466,     3.00156,     1.12941,     0.76725,     0.71177,    -0.21475,    -0.26499,    -0.26653,    -0.26129
9.92136304700034,     2.99878,     1.28815,     0.76879,     0.71177,    -0.21506,    -0.26345,    -0.26838,    -0.26129
9.941363141999318,     3.00187,     1.45952,     0.76848,     0.71146,    -0.21506,    -0.26006,    -0.26838,    -0.26098
9.961367699997936,     3.00341,     1.63829,     0.76910,     0.71115,    -0.21506,    -0.25759,    -0.26930,    -0.26160
9.981370313998923,     2.99878,     1.82291,     0.76879,     0.71146,    -0.21598,    -0.25482,    -0.26653,    -0.26191
10.001367038999888,     2.99878,     2.01155,     0.75246,     0.69451,    -0.21074,    -0.25112,    -0.26499,    -0.25512
10.021387484997831,     2.99324,     2.19802,     0.78667,     0.73520,    -0.21968,    -0.25266,    -0.26930,    -0.26376
10.041417486998398,     2.99169,     2.38326,     0.76910,     0.70961,    -0.21721,    -0.24742,    -0.26869,    -0.26191
10.06138712000029,     2.99231,     2.56203,     0.76725,     0.71331,    -0.21721,    -0.24557,    -0.26900,    -0.26221
10.081387195998104,     2.99755,     2.73125,     0.76910,     0.71146,    -0.21783,    -0.24341,    -0.26776,    -0.26221
10.10138281000036,     2.99724,     2.88844,     0.76972,     0.71331,    -0.21845,    -0.24125,    -0.26807,    -0.26191
10.121383089997835,     3.00033,     3.03146,     0.76509,     0.70961,    -0.21783,    -0.23910,    -0.26838,    -0.26314
10.141384945000027,     2.99878,     3.15998,     0.76756,     0.71208,    -0.21814,    -0.23694,    -0.27054,    -0.26252
10.161387391999597,     2.99539,     3.26940,     0.76756,     0.71269,    -0.21937,    -0.23602,    -0.26992,    -0.26345
10.18138796799758,     2.99786,     3.35848,     0.77002,     0.71393,    -0.21968,    -0.23571,    -0.27023,    -0.26314
10.201387507997424,     2.99293,     3.42567,     0.75400,     0.69728,    -0.21321,    -0.23355,    -0.26776,    -0.25852
10.221430138997675,     2.98923,     3.46975,     0.78482,     0.73304,    -0.22215,    -0.23725,    -0.27208,    -0.26591
10.241519232000428,     2.97567,     3.49256,     0.76879,     0.71362,    -0.22060,    -0.23509,    -0.27208,    -0.26437
10.261412792999181,     2.99848,     3.49132,     0.77064,     0.71424,    -0.22091,    -0.23540,    -0.27023,    -0.26406
10.281403961998876,     2.99909,     3.46636,     0.77002,     0.71146,    -0.22030,    -0.23509,    -0.27023,    -0.26406
10.301412889999483,     2.99909,     3.41797,     0.76817,     0.71085,    -0.21968,    -0.23663,    -0.27115,    -0.26345
10.32140304099812,     2.99077,     3.34738,     0.76910,     0.71269,    -0.22060,    -0.23786,    -0.27023,    -0.26530
10.3414041549986,     2.99663,     3.25492,     0.76848,     0.71115,    -0.22030,    -0.23879,    -0.26992,    -0.26406
10.361410898000031,     3.00063,     3.14242,     0.76941,     0.71300,    -0.22030,    -0.24033,    -0.27023,    -0.26406
10.381407529999706,     3.00464,     3.01327,     0.76725,     0.71362,    -0.21968,    -0.24310,    -0.27115,    -0.26406
10.40141105099974,     2.98985,     2.86810,     0.75307,     0.69636,    -0.21043,    -0.23971,    -0.26530,    -0.25790
10.421471292997012,     2.99539,     2.70566,     0.77927,     0.72502,    -0.21999,    -0.24773,    -0.26961,    -0.26314
10.441510664997622,     2.98985,     2.53583,     0.76787,     0.71208,    -0.22030,    -0.25019,    -0.27054,    -0.26406
10.461432983996929,     3.00094,     2.35676,     0.76972,     0.71424,    -0.21999,    -0.25297,    -0.26930,    -0.26406
10.481426449998253,     2.99755,     2.17151,     0.76972,     0.71239,    -0.21814,    -0.25482,    -0.26961,    -0.26252
